<application>
  <component name="dataSourceStorage" format="xml" multifile-model="true">
    <data-source source="LOCAL" name="softswiss@postgresql.infractructure.svc.local" uuid="fe828edb-c056-483a-8981-69fc6523a4a7">
      <driver-ref>postgresql</driver-ref>
      <synchronize>true</synchronize>
      <schema-control>AUTOMATIC</schema-control>
      <jdbc-driver>org.postgresql.Driver</jdbc-driver>
      <jdbc-url>jdbc:postgresql://postgresql.infractructure.svc.local:5432/softswiss?search_path=merchant-registry</jdbc-url>
    </data-source>
  </component>
</application>