<application>
  <component name="ProjectViewFileNesting">
    <nesting-rules>
      <NestingRule child-file-suffix=".css.map" parent-file-suffix=".css" />
      <NestingRule child-file-suffix=".min.css" parent-file-suffix=".css" />
      <NestingRule child-file-suffix=".min.css.map" parent-file-suffix=".css" />
      <NestingRule child-file-suffix=".js" parent-file-suffix=".es6" />
      <NestingRule child-file-suffix=".js.map" parent-file-suffix=".es6" />
      <NestingRule child-file-suffix="_easyjson.go" parent-file-suffix=".go" />
      <NestingRule child-file-suffix="_reform.go" parent-file-suffix=".go" />
      <NestingRule child-file-suffix="_repo_test.go" parent-file-suffix=".go" />
      <NestingRule child-file-suffix="_string.go" parent-file-suffix=".go" />
      <NestingRule child-file-suffix="_test.go" parent-file-suffix=".go" />
      <NestingRule child-file-suffix="-compiled.js" parent-file-suffix=".js" />
      <NestingRule child-file-suffix="-compiled.js.map" parent-file-suffix=".js" />
      <NestingRule child-file-suffix=".js.map" parent-file-suffix=".js" />
      <NestingRule child-file-suffix=".map" parent-file-suffix=".js" />
      <NestingRule child-file-suffix=".min.js" parent-file-suffix=".js" />
      <NestingRule child-file-suffix=".min.js.map" parent-file-suffix=".js" />
      <NestingRule child-file-suffix=".js" parent-file-suffix=".jsx" />
      <NestingRule child-file-suffix=".js.map" parent-file-suffix=".jsx" />
      <NestingRule child-file-suffix=".d.ts" parent-file-suffix=".ts" />
      <NestingRule child-file-suffix=".d.ts.map" parent-file-suffix=".ts" />
      <NestingRule child-file-suffix=".js" parent-file-suffix=".ts" />
      <NestingRule child-file-suffix=".js.map" parent-file-suffix=".ts" />
      <NestingRule child-file-suffix=".d.ts" parent-file-suffix=".tsx" />
      <NestingRule child-file-suffix=".js" parent-file-suffix=".tsx" />
      <NestingRule child-file-suffix=".js.map" parent-file-suffix=".tsx" />
      <NestingRule child-file-suffix=".jsx" parent-file-suffix=".tsx" />
      <NestingRule child-file-suffix=".jsx.map" parent-file-suffix=".tsx" />
      <NestingRule child-file-suffix="go.sum" parent-file-suffix="go.mod" />
    </nesting-rules>
  </component>
  <component name="UISettings">
    <option name="ACTIVATE_MRU_EDITOR_ON_CLOSE" value="true" />
    <option name="CLOSE_NON_MODIFIED_FILES_FIRST" value="true" />
    <option name="MAX_LOOKUP_LIST_HEIGHT" value="7" />
    <option name="MAX_LOOKUP_WIDTH2" value="718" />
    <option name="OPEN_TABS_AT_THE_END" value="true" />
    <option name="SHOW_MAIN_TOOLBAR" value="true" />
  </component>
</application>