<application>
  <component name="vgo">
    <environment>
      <map>
        <entry key="GOPRIVATE">
          <value>
            <list>
              <option value="xdevteam.com" />
              <option value="&quot;xdevteam.com&quot;" />
              <option value="&quot;xdevteam.com/*&quot;" />
              <option value="xdevteam.com/*" />
            </list>
          </value>
        </entry>
        <entry key="GOSUMDB">
          <value>
            <list>
              <option value="off" />
            </list>
          </value>
        </entry>
      </map>
    </environment>
  </component>
</application>