<keymap version="1" name="XWin copy" parent="Default for XWin">
  <action id="ActivateCommitToolWindow">
    <keyboard-shortcut first-keystroke="alt 0" />
    <keyboard-shortcut first-keystroke="alt g" />
  </action>
  <action id="ActivateDatabaseToolWindow">
    <keyboard-shortcut first-keystroke="alt d" />
  </action>
  <action id="ActivateProjectToolWindow">
    <keyboard-shortcut first-keystroke="alt 1" />
    <keyboard-shortcut first-keystroke="alt e" />
  </action>
  <action id="ActivateTerminalToolWindow">
    <keyboard-shortcut first-keystroke="ctrl enter" />
  </action>
  <action id="AddToFavoritesPopup" />
  <action id="Back">
    <keyboard-shortcut first-keystroke="ctrl alt left" />
    <mouse-shortcut keystroke="button4" />
    <keyboard-shortcut first-keystroke="shift alt f" />
  </action>
  <action id="CloseAllEditors">
    <keyboard-shortcut first-keystroke="shift alt q" />
  </action>
  <action id="CloseContent">
    <keyboard-shortcut first-keystroke="ctrl f4" />
    <keyboard-shortcut first-keystroke="alt q" />
  </action>
  <action id="Console.TableResult.FindInGrid">
    <keyboard-shortcut first-keystroke="alt f3" />
  </action>
  <action id="EditorContextInfo" />
  <action id="EditorSplitLine" />
  <action id="Find">
    <keyboard-shortcut first-keystroke="alt f3" />
  </action>
  <action id="GotoImplementation">
    <keyboard-shortcut first-keystroke="ctrl alt b" />
    <mouse-shortcut keystroke="control alt button1" />
    <keyboard-shortcut first-keystroke="ctrl f" />
    <keyboard-shortcut first-keystroke="alt f" />
  </action>
  <action id="ParameterInfo">
    <keyboard-shortcut first-keystroke="ctrl p" />
    <keyboard-shortcut first-keystroke="alt p" />
  </action>
  <action id="Terminal.SwitchFocusToEditor" />
  <action id="Tree-selectChild">
    <keyboard-shortcut first-keystroke="right" />
    <keyboard-shortcut first-keystroke="l" />
  </action>
  <action id="Tree-selectNext">
    <keyboard-shortcut first-keystroke="down" />
    <keyboard-shortcut first-keystroke="j" />
  </action>
  <action id="Tree-selectParent">
    <keyboard-shortcut first-keystroke="left" />
    <keyboard-shortcut first-keystroke="h" />
  </action>
  <action id="Tree-selectPrevious">
    <keyboard-shortcut first-keystroke="up" />
    <keyboard-shortcut first-keystroke="k" />
  </action>
  <action id="Vcs.Log.GoToRef">
    <keyboard-shortcut first-keystroke="alt f3" />
  </action>
  <action id="WD.UploadCurrentRemoteFileAction" />
</keymap>